1/3/2025,BLUE MUG COFFEE AND TEA 02/28 PURCHASE ESCONDIDO CA,3.5,Restaurants & Dining
1/3/2025,SQ *THE PRESS ESPRESSO 03/01 PURCHASE Murrieta CA,5.95,Restaurants & Dining
1/4/2025,SHELL OILXXXXX394024 03/02 PURCHASE TEMECULA CA,42.84,Transportation
1/4/2025,PANERA BREAD #601255 K 03/02 PURCHASE TEMECULA CA,25.42,Restaurants & Dining
1/4/2025,SQ *YNEZ RD 03/03 PURCHASE Temecula CA,11.69,Restaurants & Dining
1/5/2025,BLUE MUG COFFEE AND TEA 03/04 PURCHASE ESCONDIDO CA,11.04,Restaurants & Dining
1/5/2025,CSUSM 03/04 PURCHASE SAN MARCOS CA,2.09,Restaurants & Dining
1/5/2025,PANERA BREAD #601255 K 03/04 PURCHASE TEMECULA CA,19.49,Restaurants & Dining
1/6/2025,KP RX01575 03/05 PURCHASE TEMECULA CA,300.69,Health
1/6/2025,SQ *THE PRESS ESPRESSO 03/05 PURCHASE Temecula CA,16.54,Restaurants & Dining
1/7/2025,BLUE B23MUG COFFEE AND TEA 03/06 PURCHASE ESCONDIDO CA,11.04,Restaurants & Dining
1/7/2025,CSUSM 03/06 PURCHASE SAN MARCOS CA,9.33,Restaurants & Dining
1/7/2025,ROCKET 118 03/07 PURCHASE ESCONDIDO CA,80.98,Transportation
1/7/2025,FARMERS INS DES:EFT PYMT ID:gXXXXX8503 INDN:JOSEPH ZAMISKI CO ID:XXXXX51302 PPD,241,Insurance
1/10/2025,CSUSM 03/07 PURCHASE SAN MARCOS CA,6.99,Restaurants & Dining
1/10/2025,SQ *JAMES COFFEE CAFE A 03/07 PURCHASE Escondido CA,4,Shopping & Entertainment
1/10/2025,RAISING CANES 0366 03/07 PURCHASE TEMECULA CA,20.54,Restaurants & Dining
1/11/2025,SHELL OILXXXXX394024 03/09 PURCHASE TEMECULA CA,80.47,Transportation
1/11/2025,SQ *VIGILANTE COFFEE 03/10 PURCHASE Vista CA,10.66,Restaurants & Dining
1/12/2025,CSUSM UNIV. STORE #1259 03/10 PURCHASE SAN MARCOS CA,11.4,Shopping & Entertainment
1/12/2025,KRISPY KREME #911 03/10 PURCHASE TEMECULA CA,4.69,Restaurants & Dining
1/12/2025,BLUE MUG COFFEE AND TEA 03/11 PURCHASE ESCONDIDO CA,11.04,Restaurants & Dining
1/12/2025,PANERA BREAD #601255 K 03/11 PURCHASE TEMECULA CA,25.42,Restaurants & Dining
1/14/2025,BLUE MUG COFFEE AND TEA 03/13 PURCHASE ESCONDIDO CA,10.5,Restaurants & Dining
1/14/2025,CSUSM 03/13 PURCHASE SAN MARCOS CA,7.92,Restaurants & Dining
1/14/2025,SQ *CAMPUS COFFEE 03/13 PURCHASE San Marcos CA,4.5,Restaurants & Dining
1/17/2025,SHELL OILXXXXX394024 03/14 PURCHASE TEMECULA CA,42.05,Transportation
1/17/2025,DCH ROASTERS WILDOMAR 03/14 PURCHASE WILDOMAR CA,3.25,Restaurants & Dining
1/17/2025,ALBERTSONS #4706 03/15 PURCHASE TEMECULA CA,400.95,Groceries
1/17/2025,SQ *REVOLUTION ROASTERS 03/15 PURCHASE OCEANSIDE CA,3.5,Restaurants & Dining
1/17/2025,POPEYES #5454 03/15 PURCHASE OCEANSIDE CA,21.75,Restaurants & Dining
1/17/2025,RAISING CANES 0366 03/16 PURCHASE TEMECULA CA,21.41,Restaurants & Dining
1/19/2025,BLUE MUG COFFEE AND TEA 03/18 PURCHASE ESCONDIDO CA,11.04,Restaurants & Dining
1/19/2025,LA FITNESS 03/19 PURCHASE IRVINE CA,26.99,Health
1/20/2025,SQ *CAMPUS COFFEE 03/19 PURCHASE San Marcos CA,4.5,Restaurants & Dining
1/20/2025,PANERA BREAD #601255 K 03/19 PURCHASE TEMECULA CA,25.42,Restaurants & Dining
1/21/2025,SHELL OILXXXXX394024 03/19 PURCHASE TEMECULA CA,44.8,Transportation
1/21/2025,BLUE MUG COFFEE AND TEA 03/20 PURCHASE ESCONDIDO CA,15.79,Restaurants & Dining
1/21/2025,SQ *THE PRESS ESPRESSO 03/20 PURCHASE Temecula CA,19.94,Restaurants & Dining
1/21/2025,HONDA PMT DES:XXXXX51358 ID:2U5FEAUBZGOYSV0 INDN:JOSEPH D ZAMISKI CO ID:AXXXXX2715 PPD,221.53,Transportation
1/22/2025,ALBERTSONS,500.21,Groceries
1/24/2025,BLUE MUG COFFEE AND TEA 03/21 PURCHASE ESCONDIDO CA,3,Restaurants & Dining
1/24/2025,PANDA EXPRESS #834 03/21 PURCHASE TEMECULA CA,14.25,Restaurants & Dining
1/25/2025,CSUSM CRASH CAFE 03/24 PURCHASE SAN MARCOS CA,5.48,Restaurants & Dining
1/26/2025,CHEGG *ORDER 03/25 REFUND 855-868-1054 CA,76.11,Shopping & Entertainment
1/26/2025,BLUE MUG COFFEE AND TEA 03/25 PURCHASE ESCONDIDO CA,11.04,Restaurants & Dining
1/26/2025,CHEVRON 0388461 03/25 PURCHASE ESCONDIDO CA,80.44,Transportation
1/26/2025,CHEVRON 0388461 03/25 PURCHASE ESCONDIDO CA,9.13,Transportation
1/26/2025,7-ELEVEN 03/26 PURCHASE Escondido CA,4.89,Transportation
1/28/2025,KRISPY KREME #911 03/26 PURCHASE TEMECULA CA,17.34,Restaurants & Dining
1/28/2025,BLUE MUG COFFEE AND TEA 03/27 PURCHASE ESCONDIDO CA,11.04,Restaurants & Dining
1/28/2025,CSUSM 03/27 PURCHASE SAN MARCOS CA,4.18,Restaurants & Dining
1/28/2025,SQ *YNEZ RD 03/27 PURCHASE Temecula CA,17.94,Restaurants & Dining
2/3/2025,BLUE MUG COFFEE AND TEA 02/28 PURCHASE ESCONDIDO CA,3.5,Restaurants & Dining
2/3/2025,SQ *THE PRESS ESPRESSO 03/01 PURCHASE Murrieta CA,5.95,Restaurants & Dining
2/4/2025,SHELL OILXXXXX394024 03/02 PURCHASE TEMECULA CA,42.84,Transportation
2/4/2025,PANERA BREAD #601255 K 03/02 PURCHASE TEMECULA CA,25.42,Restaurants & Dining
2/4/2025,SQ *YNEZ RD 03/03 PURCHASE Temecula CA,11.69,Restaurants & Dining
2/5/2025,BLUE MUG COFFEE AND TEA 03/04 PURCHASE ESCONDIDO CA,11.04,Restaurants & Dining
2/5/2025,CSUSM 03/04 PURCHASE SAN MARCOS CA,2.09,Restaurants & Dining
2/5/2025,PANERA BREAD #601255 K 03/04 PURCHASE TEMECULA CA,19.49,Restaurants & Dining
2/6/2025,KP RX01575 03/05 PURCHASE TEMECULA CA,700.69,Health
2/6/2025,SQ *THE PRESS ESPRESSO 03/05 PURCHASE Temecula CA,16.54,Restaurants & Dining
2/7/2025,BLUE B23MUG COFFEE AND TEA 03/06 PURCHASE ESCONDIDO CA,11.04,Restaurants & Dining
2/7/2025,CSUSM 03/06 PURCHASE SAN MARCOS CA,9.33,Restaurants & Dining
2/7/2025,ROCKET 118 03/07 PURCHASE ESCONDIDO CA,80.98,Transportation
2/7/2025,FARMERS INS DES:EFT PYMT ID:gXXXXX8503 INDN:JOSEPH ZAMISKI CO ID:XXXXX51302 PPD,241,Insurance
2/10/2025,CSUSM 03/07 PURCHASE SAN MARCOS CA,6.99,Restaurants & Dining
2/10/2025,SQ *JAMES COFFEE CAFE A 03/07 PURCHASE Escondido CA,4,Shopping & Entertainment
2/10/2025,RAISING CANES 0366 03/07 PURCHASE TEMECULA CA,20.54,Restaurants & Dining
2/11/2025,SHELL OILXXXXX394024 03/09 PURCHASE TEMECULA CA,80.47,Transportation
2/11/2025,SQ *VIGILANTE COFFEE 03/10 PURCHASE Vista CA,10.66,Restaurants & Dining
2/12/2025,CSUSM UNIV. STORE #1259 03/10 PURCHASE SAN MARCOS CA,11.4,Shopping & Entertainment
2/12/2025,KRISPY KREME #911 03/10 PURCHASE TEMECULA CA,4.69,Restaurants & Dining
2/12/2025,BLUE MUG COFFEE AND TEA 03/11 PURCHASE ESCONDIDO CA,11.04,Restaurants & Dining
2/12/2025,PANERA BREAD #601255 K 03/11 PURCHASE TEMECULA CA,25.42,Restaurants & Dining
2/14/2025,BLUE MUG COFFEE AND TEA 03/13 PURCHASE ESCONDIDO CA,10.5,Restaurants & Dining
2/14/2025,CSUSM 03/13 PURCHASE SAN MARCOS CA,7.92,Restaurants & Dining
2/14/2025,SQ *CAMPUS COFFEE 03/13 PURCHASE San Marcos CA,4.5,Restaurants & Dining
2/17/2025,SHELL OILXXXXX394024 03/14 PURCHASE TEMECULA CA,42.05,Transportation
2/17/2025,DCH ROASTERS WILDOMAR 03/14 PURCHASE WILDOMAR CA,3.25,Restaurants & Dining
2/17/2025,ALBERTSONS #4706 03/15 PURCHASE TEMECULA CA,400.95,Groceries
2/17/2025,SQ *REVOLUTION ROASTERS 03/15 PURCHASE OCEANSIDE CA,3.5,Restaurants & Dining
2/17/2025,POPEYES #5454 03/15 PURCHASE OCEANSIDE CA,21.75,Restaurants & Dining
2/17/2025,RAISING CANES 0366 03/16 PURCHASE TEMECULA CA,21.41,Restaurants & Dining
2/19/2025,BLUE MUG COFFEE AND TEA 03/18 PURCHASE ESCONDIDO CA,11.04,Restaurants & Dining
2/19/2025,LA FITNESS 03/19 PURCHASE IRVINE CA,26.99,Health
2/20/2025,SQ *CAMPUS COFFEE 03/19 PURCHASE San Marcos CA,4.5,Restaurants & Dining
2/20/2025,PANERA BREAD #601255 K 03/19 PURCHASE TEMECULA CA,25.42,Restaurants & Dining
2/21/2025,SHELL OILXXXXX394024 03/19 PURCHASE TEMECULA CA,44.8,Transportation
2/21/2025,BLUE MUG COFFEE AND TEA 03/20 PURCHASE ESCONDIDO CA,15.79,Restaurants & Dining
2/21/2025,SQ *THE PRESS ESPRESSO 03/20 PURCHASE Temecula CA,19.94,Restaurants & Dining
2/21/2025,HONDA PMT DES:XXXXX51358 ID:2U5FEAUBZGOYSV0 INDN:JOSEPH D ZAMISKI CO ID:AXXXXX2715 PPD,221.53,Transportation
2/22/2025,ALBERTSONS,500.21,Groceries
2/24/2025,BLUE MUG COFFEE AND TEA 03/21 PURCHASE ESCONDIDO CA,3,Restaurants & Dining
2/24/2025,PANDA EXPRESS #834 03/21 PURCHASE TEMECULA CA,14.25,Restaurants & Dining
2/25/2025,CSUSM CRASH CAFE 03/24 PURCHASE SAN MARCOS CA,5.48,Restaurants & Dining
2/26/2025,CHEGG *ORDER 03/25 REFUND 855-868-1054 CA,76.11,Shopping & Entertainment
2/26/2025,BLUE MUG COFFEE AND TEA 03/25 PURCHASE ESCONDIDO CA,11.04,Restaurants & Dining
2/26/2025,CHEVRON 0388461 03/25 PURCHASE ESCONDIDO CA,80.44,Transportation
2/26/2025,CHEVRON 0388461 03/25 PURCHASE ESCONDIDO CA,9.13,Transportation
2/26/2025,7-ELEVEN 03/26 PURCHASE Escondido CA,4.89,Transportation
2/28/2025,KRISPY KREME #911 03/26 PURCHASE TEMECULA CA,17.34,Restaurants & Dining
2/28/2025,BLUE MUG COFFEE AND TEA 03/27 PURCHASE ESCONDIDO CA,11.04,Restaurants & Dining
2/28/2025,CSUSM 03/27 PURCHASE SAN MARCOS CA,4.18,Restaurants & Dining
2/28/2025,SQ *YNEZ RD 03/27 PURCHASE Temecula CA,17.94,Restaurants & Dining
3/3/2025,BLUE MUG COFFEE AND TEA 02/28 PURCHASE ESCONDIDO CA,3.5,Restaurants & Dining
3/3/2025,SQ *THE PRESS ESPRESSO 03/01 PURCHASE Murrieta CA,5.95,Restaurants & Dining
3/4/2025,SHELL OILXXXXX394024 03/02 PURCHASE TEMECULA CA,42.84,Transportation
3/4/2025,PANERA BREAD #601255 K 03/02 PURCHASE TEMECULA CA,25.42,Restaurants & Dining
3/4/2025,SQ *YNEZ RD 03/03 PURCHASE Temecula CA,11.69,Restaurants & Dining
3/5/2025,BLUE MUG COFFEE AND TEA 03/04 PURCHASE ESCONDIDO CA,11.04,Restaurants & Dining
3/5/2025,CSUSM 03/04 PURCHASE SAN MARCOS CA,2.09,Restaurants & Dining
3/5/2025,PANERA BREAD #601255 K 03/04 PURCHASE TEMECULA CA,19.49,Restaurants & Dining
3/6/2025,KP RX01575 03/05 PURCHASE TEMECULA CA,33.69,Health
3/6/2025,SQ *THE PRESS ESPRESSO 03/05 PURCHASE Temecula CA,16.54,Restaurants & Dining
3/7/2025,BLUE B23MUG COFFEE AND TEA 03/06 PURCHASE ESCONDIDO CA,11.04,Restaurants & Dining
3/7/2025,CSUSM 03/06 PURCHASE SAN MARCOS CA,9.33,Restaurants & Dining
3/7/2025,ROCKET 118 03/07 PURCHASE ESCONDIDO CA,41.98,Transportation
3/7/2025,FARMERS INS DES:EFT PYMT ID:gXXXXX8503 INDN:JOSEPH ZAMISKI CO ID:XXXXX51302 PPD,241,Insurance
3/10/2025,CSUSM 03/07 PURCHASE SAN MARCOS CA,6.99,Restaurants & Dining
3/10/2025,SQ *JAMES COFFEE CAFE A 03/07 PURCHASE Escondido CA,4,Shopping & Entertainment
3/10/2025,RAISING CANES 0366 03/07 PURCHASE TEMECULA CA,20.54,Restaurants & Dining
3/11/2025,SHELL OILXXXXX394024 03/09 PURCHASE TEMECULA CA,10.47,Transportation
3/11/2025,SQ *VIGILANTE COFFEE 03/10 PURCHASE Vista CA,10.66,Restaurants & Dining
3/12/2025,CSUSM UNIV. STORE #1259 03/10 PURCHASE SAN MARCOS CA,11.4,Shopping & Entertainment
3/12/2025,KRISPY KREME #911 03/10 PURCHASE TEMECULA CA,4.69,Restaurants & Dining
3/12/2025,BLUE MUG COFFEE AND TEA 03/11 PURCHASE ESCONDIDO CA,11.04,Restaurants & Dining
3/12/2025,PANERA BREAD #601255 K 03/11 PURCHASE TEMECULA CA,25.42,Restaurants & Dining
3/14/2025,BLUE MUG COFFEE AND TEA 03/13 PURCHASE ESCONDIDO CA,10.5,Restaurants & Dining
3/14/2025,CSUSM 03/13 PURCHASE SAN MARCOS CA,7.92,Restaurants & Dining
3/14/2025,SQ *CAMPUS COFFEE 03/13 PURCHASE San Marcos CA,4.5,Restaurants & Dining
3/17/2025,SHELL OILXXXXX394024 03/14 PURCHASE TEMECULA CA,42.05,Transportation
3/17/2025,DCH ROASTERS WILDOMAR 03/14 PURCHASE WILDOMAR CA,3.25,Restaurants & Dining
3/17/2025,ALBERTSONS #4706 03/15 PURCHASE TEMECULA CA,500.99,Groceries
3/17/2025,SQ *REVOLUTION ROASTERS 03/15 PURCHASE OCEANSIDE CA,3.5,Restaurants & Dining
3/17/2025,POPEYES #5454 03/15 PURCHASE OCEANSIDE CA,21.75,Restaurants & Dining
3/17/2025,RAISING CANES 0366 03/16 PURCHASE TEMECULA CA,21.41,Restaurants & Dining
3/19/2025,BLUE MUG COFFEE AND TEA 03/18 PURCHASE ESCONDIDO CA,11.04,Restaurants & Dining
3/19/2025,LA FITNESS 03/19 PURCHASE IRVINE CA,26.99,Health
3/20/2025,SQ *CAMPUS COFFEE 03/19 PURCHASE San Marcos CA,4.5,Restaurants & Dining
3/20/2025,PANERA BREAD #601255 K 03/19 PURCHASE TEMECULA CA,25.42,Restaurants & Dining
3/21/2025,SHELL OILXXXXX394024 03/19 PURCHASE TEMECULA CA,44.8,Transportation
3/21/2025,BLUE MUG COFFEE AND TEA 03/20 PURCHASE ESCONDIDO CA,15.79,Restaurants & Dining
3/21/2025,SQ *THE PRESS ESPRESSO 03/20 PURCHASE Temecula CA,19.94,Restaurants & Dining
3/21/2025,HONDA PMT DES:XXXXX51358 ID:2U5FEAUBZGOYSV0 INDN:JOSEPH D ZAMISKI CO ID:AXXXXX2715 PPD,221.53,Transportation
3/24/2025,BLUE MUG COFFEE AND TEA 03/21 PURCHASE ESCONDIDO CA,3,Restaurants & Dining
3/24/2025,PANDA EXPRESS #834 03/21 PURCHASE TEMECULA CA,14.25,Restaurants & Dining
3/25/2025,CSUSM CRASH CAFE 03/24 PURCHASE SAN MARCOS CA,5.48,Restaurants & Dining
3/26/2025,CHEGG *ORDER 03/25 REFUND 855-868-1054 CA,76.11,Shopping & Entertainment
3/26/2025,BLUE MUG COFFEE AND TEA 03/25 PURCHASE ESCONDIDO CA,11.04,Restaurants & Dining
3/26/2025,CHEVRON 0388461 03/25 PURCHASE ESCONDIDO CA,44.44,Transportation
3/26/2025,CHEVRON 0388461 03/25 PURCHASE ESCONDIDO CA,9.13,Transportation
3/26/2025,7-ELEVEN 03/26 PURCHASE Escondido CA,4.89,Transportation
3/28/2025,KRISPY KREME #911 03/26 PURCHASE TEMECULA CA,17.34,Restaurants & Dining
3/28/2025,BLUE MUG COFFEE AND TEA 03/27 PURCHASE ESCONDIDO CA,11.04,Restaurants & Dining
3/28/2025,CSUSM 03/27 PURCHASE SAN MARCOS CA,4.18,Restaurants & Dining
3/28/2025,SQ *YNEZ RD 03/27 PURCHASE Temecula CA,17.94,Restaurants & Dining
4/3/2025,BLUE MUG COFFEE AND TEA 02/28 PURCHASE ESCONDIDO CA,3.5,Restaurants & Dining
4/3/2025,SQ *THE PRESS ESPRESSO 03/01 PURCHASE Murrieta CA,5.95,Restaurants & Dining
4/4/2025,SHELL OILXXXXX394024 03/02 PURCHASE TEMECULA CA,42.84,Transportation
4/4/2025,PANERA BREAD #601255 K 03/02 PURCHASE TEMECULA CA,25.42,Restaurants & Dining
4/4/2025,SQ *YNEZ RD 03/03 PURCHASE Temecula CA,11.69,Restaurants & Dining
4/5/2025,BLUE MUG COFFEE AND TEA 03/04 PURCHASE ESCONDIDO CA,11.04,Restaurants & Dining
4/5/2025,CSUSM 03/04 PURCHASE SAN MARCOS CA,2.09,Restaurants & Dining
4/5/2025,PANERA BREAD #601255 K 03/04 PURCHASE TEMECULA CA,19.49,Restaurants & Dining
4/6/2025,KP RX01575 03/05 PURCHASE TEMECULA CA,300.69,Health
4/6/2025,SQ *THE PRESS ESPRESSO 03/05 PURCHASE Temecula CA,16.54,Restaurants & Dining
4/7/2025,BLUE B23MUG COFFEE AND TEA 03/06 PURCHASE ESCONDIDO CA,11.04,Restaurants & Dining
4/7/2025,CSUSM 03/06 PURCHASE SAN MARCOS CA,9.33,Restaurants & Dining
4/7/2025,ROCKET 118 03/07 PURCHASE ESCONDIDO CA,41.98,Transportation
4/7/2025,FARMERS INS DES:EFT PYMT ID:gXXXXX8503 INDN:JOSEPH ZAMISKI CO ID:XXXXX51302 PPD,241,Insurance
4/10/2025,CSUSM 03/07 PURCHASE SAN MARCOS CA,6.99,Restaurants & Dining
4/10/2025,SQ *JAMES COFFEE CAFE A 03/07 PURCHASE Escondido CA,4,Shopping & Entertainment
4/10/2025,RAISING CANES 0366 03/07 PURCHASE TEMECULA CA,20.54,Restaurants & Dining
4/11/2025,SHELL OILXXXXX394024 03/09 PURCHASE TEMECULA CA,10.47,Transportation
4/11/2025,SQ *VIGILANTE COFFEE 03/10 PURCHASE Vista CA,10.66,Restaurants & Dining
4/12/2025,CSUSM UNIV. STORE #1259 03/10 PURCHASE SAN MARCOS CA,11.4,Shopping & Entertainment
4/12/2025,KRISPY KREME #911 03/10 PURCHASE TEMECULA CA,4.69,Restaurants & Dining
4/12/2025,BLUE MUG COFFEE AND TEA 03/11 PURCHASE ESCONDIDO CA,11.04,Restaurants & Dining
4/12/2025,PANERA BREAD #601255 K 03/11 PURCHASE TEMECULA CA,25.42,Restaurants & Dining
4/14/2025,BLUE MUG COFFEE AND TEA 03/13 PURCHASE ESCONDIDO CA,10.5,Restaurants & Dining
4/14/2025,CSUSM 03/13 PURCHASE SAN MARCOS CA,7.92,Restaurants & Dining
4/14/2025,SQ *CAMPUS COFFEE 03/13 PURCHASE San Marcos CA,4.5,Restaurants & Dining
4/17/2025,SHELL OILXXXXX394024 03/14 PURCHASE TEMECULA CA,42.05,Transportation
4/17/2025,DCH ROASTERS WILDOMAR 03/14 PURCHASE WILDOMAR CA,3.25,Restaurants & Dining
4/17/2025,ALBERTSONS #4706 03/15 PURCHASE TEMECULA CA,6.99,Groceries
4/17/2025,SQ *REVOLUTION ROASTERS 03/15 PURCHASE OCEANSIDE CA,3.5,Restaurants & Dining
4/17/2025,POPEYES #5454 03/15 PURCHASE OCEANSIDE CA,21.75,Restaurants & Dining
4/17/2025,RAISING CANES 0366 03/16 PURCHASE TEMECULA CA,21.41,Restaurants & Dining
4/19/2025,BLUE MUG COFFEE AND TEA 03/18 PURCHASE ESCONDIDO CA,11.04,Restaurants & Dining
4/19/2025,LA FITNESS 03/19 PURCHASE IRVINE CA,26.99,Health
4/20/2025,SQ *CAMPUS COFFEE 03/19 PURCHASE San Marcos CA,4.5,Restaurants & Dining
4/20/2025,PANERA BREAD #601255 K 03/19 PURCHASE TEMECULA CA,25.42,Restaurants & Dining
4/21/2025,SHELL OILXXXXX394024 03/19 PURCHASE TEMECULA CA,44.8,Transportation
4/21/2025,BLUE MUG COFFEE AND TEA 03/20 PURCHASE ESCONDIDO CA,15.79,Restaurants & Dining
4/21/2025,SQ *THE PRESS ESPRESSO 03/20 PURCHASE Temecula CA,19.94,Restaurants & Dining
4/21/2025,HONDA PMT DES:XXXXX51358 ID:2U5FEAUBZGOYSV0 INDN:JOSEPH D ZAMISKI CO ID:AXXXXX2715 PPD,221.53,Transportation
4/24/2025,BLUE MUG COFFEE AND TEA 03/21 PURCHASE ESCONDIDO CA,3,Restaurants & Dining
4/24/2025,PANDA EXPRESS #834 03/21 PURCHASE TEMECULA CA,14.25,Restaurants & Dining
4/25/2025,CSUSM CRASH CAFE 03/24 PURCHASE SAN MARCOS CA,5.48,Restaurants & Dining
4/26/2025,CHEGG *ORDER 03/25 REFUND 855-868-1054 CA,76.11,Shopping & Entertainment
4/26/2025,BLUE MUG COFFEE AND TEA 03/25 PURCHASE ESCONDIDO CA,11.04,Restaurants & Dining
4/26/2025,CHEVRON 0388461 03/25 PURCHASE ESCONDIDO CA,44.44,Transportation
4/26/2025,CHEVRON 0388461 03/25 PURCHASE ESCONDIDO CA,9.13,Transportation
4/26/2025,7-ELEVEN 03/26 PURCHASE Escondido CA,4.89,Transportation
4/28/2025,KRISPY KREME #911 03/26 PURCHASE TEMECULA CA,17.34,Restaurants & Dining
4/28/2025,BLUE MUG COFFEE AND TEA 03/27 PURCHASE ESCONDIDO CA,11.04,Restaurants & Dining
4/28/2025,CSUSM 03/27 PURCHASE SAN MARCOS CA,4.18,Restaurants & Dining
4/28/2025,SQ *YNEZ RD 03/27 PURCHASE Temecula CA,17.94,Restaurants & Dining
5/3/2025,BLUE MUG COFFEE AND TEA 02/28 PURCHASE ESCONDIDO CA,3.5,Restaurants & Dining
5/3/2025,SQ *THE PRESS ESPRESSO 03/01 PURCHASE Murrieta CA,5.95,Restaurants & Dining
5/4/2025,SHELL OILXXXXX394024 03/02 PURCHASE TEMECULA CA,42.84,Transportation
5/4/2025,PANERA BREAD #601255 K 03/02 PURCHASE TEMECULA CA,25.42,Restaurants & Dining
5/4/2025,SQ *YNEZ RD 03/03 PURCHASE Temecula CA,11.69,Restaurants & Dining
5/5/2025,BLUE MUG COFFEE AND TEA 03/04 PURCHASE ESCONDIDO CA,11.04,Restaurants & Dining
5/5/2025,CSUSM 03/04 PURCHASE SAN MARCOS CA,2.09,Restaurants & Dining
5/5/2025,PANERA BREAD #601255 K 03/04 PURCHASE TEMECULA CA,19.49,Restaurants & Dining
5/6/2025,KP RX01575 03/05 PURCHASE TEMECULA CA,500.69,Health
5/6/2025,SQ *THE PRESS ESPRESSO 03/05 PURCHASE Temecula CA,16.54,Restaurants & Dining
5/7/2025,BLUE B23MUG COFFEE AND TEA 03/06 PURCHASE ESCONDIDO CA,11.04,Restaurants & Dining
5/7/2025,CSUSM 03/06 PURCHASE SAN MARCOS CA,9.33,Restaurants & Dining
5/7/2025,ROCKET 118 03/07 PURCHASE ESCONDIDO CA,80.98,Transportation
5/7/2025,FARMERS INS DES:EFT PYMT ID:gXXXXX8503 INDN:JOSEPH ZAMISKI CO ID:XXXXX51302 PPD,241,Insurance
5/10/2025,CSUSM 03/07 PURCHASE SAN MARCOS CA,6.99,Restaurants & Dining
5/10/2025,SQ *JAMES COFFEE CAFE A 03/07 PURCHASE Escondido CA,4,Shopping & Entertainment
5/10/2025,RAISING CANES 0366 03/07 PURCHASE TEMECULA CA,20.54,Restaurants & Dining
5/11/2025,SHELL OILXXXXX394024 03/09 PURCHASE TEMECULA CA,80.47,Transportation
5/11/2025,SQ *VIGILANTE COFFEE 03/10 PURCHASE Vista CA,10.66,Restaurants & Dining
5/12/2025,CSUSM UNIV. STORE #1259 03/10 PURCHASE SAN MARCOS CA,11.4,Shopping & Entertainment
5/12/2025,KRISPY KREME #911 03/10 PURCHASE TEMECULA CA,4.69,Restaurants & Dining
5/12/2025,BLUE MUG COFFEE AND TEA 03/11 PURCHASE ESCONDIDO CA,11.04,Restaurants & Dining
5/12/2025,PANERA BREAD #601255 K 03/11 PURCHASE TEMECULA CA,25.42,Restaurants & Dining
5/14/2025,BLUE MUG COFFEE AND TEA 03/13 PURCHASE ESCONDIDO CA,10.5,Restaurants & Dining
5/14/2025,CSUSM 03/13 PURCHASE SAN MARCOS CA,7.92,Restaurants & Dining
5/14/2025,SQ *CAMPUS COFFEE 03/13 PURCHASE San Marcos CA,4.5,Restaurants & Dining
5/17/2025,SHELL OILXXXXX394024 03/14 PURCHASE TEMECULA CA,42.05,Transportation
5/17/2025,DCH ROASTERS WILDOMAR 03/14 PURCHASE WILDOMAR CA,3.25,Restaurants & Dining
5/17/2025,ALBERTSONS #4706 03/15 PURCHASE TEMECULA CA,1000.95,Groceries
5/17/2025,SQ *REVOLUTION ROASTERS 03/15 PURCHASE OCEANSIDE CA,3.5,Restaurants & Dining
5/17/2025,POPEYES #5454 03/15 PURCHASE OCEANSIDE CA,21.75,Restaurants & Dining
5/17/2025,RAISING CANES 0366 03/16 PURCHASE TEMECULA CA,21.41,Restaurants & Dining
5/19/2025,BLUE MUG COFFEE AND TEA 03/18 PURCHASE ESCONDIDO CA,11.04,Restaurants & Dining
5/19/2025,LA FITNESS 03/19 PURCHASE IRVINE CA,26.99,Health
5/20/2025,SQ *CAMPUS COFFEE 03/19 PURCHASE San Marcos CA,4.5,Restaurants & Dining
5/20/2025,PANERA BREAD #601255 K 03/19 PURCHASE TEMECULA CA,25.42,Restaurants & Dining
5/21/2025,SHELL OILXXXXX394024 03/19 PURCHASE TEMECULA CA,44.8,Transportation
5/21/2025,BLUE MUG COFFEE AND TEA 03/20 PURCHASE ESCONDIDO CA,15.79,Restaurants & Dining
5/21/2025,SQ *THE PRESS ESPRESSO 03/20 PURCHASE Temecula CA,19.94,Restaurants & Dining
5/21/2025,HONDA PMT DES:XXXXX51358 ID:2U5FEAUBZGOYSV0 INDN:JOSEPH D ZAMISKI CO ID:AXXXXX2715 PPD,221.53,Transportation
5/22/2025,ALBERTSONS,1000.21,Groceries
5/24/2025,BLUE MUG COFFEE AND TEA 03/21 PURCHASE ESCONDIDO CA,3,Restaurants & Dining
5/24/2025,PANDA EXPRESS #834 03/21 PURCHASE TEMECULA CA,14.25,Restaurants & Dining
5/25/2025,CSUSM CRASH CAFE 03/24 PURCHASE SAN MARCOS CA,5.48,Restaurants & Dining
5/26/2025,CHEGG *ORDER 03/25 REFUND 855-868-1054 CA,76.11,Shopping & Entertainment
5/26/2025,BLUE MUG COFFEE AND TEA 03/25 PURCHASE ESCONDIDO CA,11.04,Restaurants & Dining
5/26/2025,CHEVRON 0388461 03/25 PURCHASE ESCONDIDO CA,80.44,Transportation
5/26/2025,CHEVRON 0388461 03/25 PURCHASE ESCONDIDO CA,9.13,Transportation
5/26/2025,7-ELEVEN 03/26 PURCHASE Escondido CA,4.89,Transportation
5/28/2025,KRISPY KREME #911 03/26 PURCHASE TEMECULA CA,17.34,Restaurants & Dining
5/28/2025,BLUE MUG COFFEE AND TEA 03/27 PURCHASE ESCONDIDO CA,11.04,Restaurants & Dining
5/28/2025,CSUSM 03/27 PURCHASE SAN MARCOS CA,4.18,Restaurants & Dining
5/28/2025,SQ *YNEZ RD 03/27 PURCHASE Temecula CA,17.94,Restaurants & Dining
6/3/2025,BLUE MUG COFFEE AND TEA 02/28 PURCHASE ESCONDIDO CA,3.5,Restaurants & Dining
6/3/2025,SQ *THE PRESS ESPRESSO 03/01 PURCHASE Murrieta CA,5.95,Restaurants & Dining
6/4/2025,SHELL OILXXXXX394024 03/02 PURCHASE TEMECULA CA,42.84,Transportation
6/4/2025,PANERA BREAD #601255 K 03/02 PURCHASE TEMECULA CA,25.42,Restaurants & Dining
6/4/2025,SQ *YNEZ RD 03/03 PURCHASE Temecula CA,11.69,Restaurants & Dining
6/5/2025,BLUE MUG COFFEE AND TEA 03/04 PURCHASE ESCONDIDO CA,11.04,Restaurants & Dining
6/5/2025,CSUSM 03/04 PURCHASE SAN MARCOS CA,2.09,Restaurants & Dining
6/5/2025,PANERA BREAD #601255 K 03/04 PURCHASE TEMECULA CA,19.49,Restaurants & Dining
6/6/2025,KP RX01575 03/05 PURCHASE TEMECULA CA,500.69,Health
6/6/2025,SQ *THE PRESS ESPRESSO 03/05 PURCHASE Temecula CA,16.54,Restaurants & Dining
6/7/2025,BLUE B23MUG COFFEE AND TEA 03/06 PURCHASE ESCONDIDO CA,11.04,Restaurants & Dining
6/7/2025,CSUSM 03/06 PURCHASE SAN MARCOS CA,9.33,Restaurants & Dining
6/7/2025,ROCKET 118 03/07 PURCHASE ESCONDIDO CA,80.98,Transportation
6/7/2025,FARMERS INS DES:EFT PYMT ID:gXXXXX8503 INDN:JOSEPH ZAMISKI CO ID:XXXXX51302 PPD,241,Insurance
6/10/2025,CSUSM 03/07 PURCHASE SAN MARCOS CA,6.99,Restaurants & Dining
6/10/2025,SQ *JAMES COFFEE CAFE A 03/07 PURCHASE Escondido CA,4,Shopping & Entertainment
6/10/2025,RAISING CANES 0366 03/07 PURCHASE TEMECULA CA,20.54,Restaurants & Dining
6/11/2025,SHELL OILXXXXX394024 03/09 PURCHASE TEMECULA CA,80.47,Transportation
6/11/2025,SQ *VIGILANTE COFFEE 03/10 PURCHASE Vista CA,10.66,Restaurants & Dining
6/12/2025,CSUSM UNIV. STORE #1259 03/10 PURCHASE SAN MARCOS CA,11.4,Shopping & Entertainment
6/12/2025,KRISPY KREME #911 03/10 PURCHASE TEMECULA CA,4.69,Restaurants & Dining
6/12/2025,BLUE MUG COFFEE AND TEA 03/11 PURCHASE ESCONDIDO CA,11.04,Restaurants & Dining
6/12/2025,PANERA BREAD #601255 K 03/11 PURCHASE TEMECULA CA,25.42,Restaurants & Dining
6/14/2025,BLUE MUG COFFEE AND TEA 03/13 PURCHASE ESCONDIDO CA,10.5,Restaurants & Dining
6/14/2025,CSUSM 03/13 PURCHASE SAN MARCOS CA,7.92,Restaurants & Dining
6/14/2025,SQ *CAMPUS COFFEE 03/13 PURCHASE San Marcos CA,4.5,Restaurants & Dining
6/17/2025,SHELL OILXXXXX394024 03/14 PURCHASE TEMECULA CA,42.05,Transportation
6/17/2025,DCH ROASTERS WILDOMAR 03/14 PURCHASE WILDOMAR CA,3.25,Restaurants & Dining
6/17/2025,ALBERTSONS #4706 03/15 PURCHASE TEMECULA CA,800.95,Groceries
6/17/2025,SQ *REVOLUTION ROASTERS 03/15 PURCHASE OCEANSIDE CA,3.5,Restaurants & Dining
6/17/2025,POPEYES #5454 03/15 PURCHASE OCEANSIDE CA,21.75,Restaurants & Dining
6/17/2025,RAISING CANES 0366 03/16 PURCHASE TEMECULA CA,21.41,Restaurants & Dining
6/19/2025,BLUE MUG COFFEE AND TEA 03/18 PURCHASE ESCONDIDO CA,11.04,Restaurants & Dining
6/19/2025,LA FITNESS 03/19 PURCHASE IRVINE CA,26.99,Health
6/20/2025,SQ *CAMPUS COFFEE 03/19 PURCHASE San Marcos CA,4.5,Restaurants & Dining
6/20/2025,PANERA BREAD #601255 K 03/19 PURCHASE TEMECULA CA,25.42,Restaurants & Dining
6/21/2025,SHELL OILXXXXX394024 03/19 PURCHASE TEMECULA CA,44.8,Transportation
6/21/2025,BLUE MUG COFFEE AND TEA 03/20 PURCHASE ESCONDIDO CA,15.79,Restaurants & Dining
6/21/2025,SQ *THE PRESS ESPRESSO 03/20 PURCHASE Temecula CA,19.94,Restaurants & Dining
6/21/2025,HONDA PMT DES:XXXXX51358 ID:2U5FEAUBZGOYSV0 INDN:JOSEPH D ZAMISKI CO ID:AXXXXX2715 PPD,221.53,Transportation
6/22/2025,ALBERTSONS,800.21,Groceries
6/24/2025,BLUE MUG COFFEE AND TEA 03/21 PURCHASE ESCONDIDO CA,3,Restaurants & Dining
6/24/2025,PANDA EXPRESS #834 03/21 PURCHASE TEMECULA CA,14.25,Restaurants & Dining
6/25/2025,CSUSM CRASH CAFE 03/24 PURCHASE SAN MARCOS CA,5.48,Restaurants & Dining
6/26/2025,CHEGG *ORDER 03/25 REFUND 855-868-1054 CA,76.11,Shopping & Entertainment
6/26/2025,BLUE MUG COFFEE AND TEA 03/25 PURCHASE ESCONDIDO CA,11.04,Restaurants & Dining
6/26/2025,CHEVRON 0388461 03/25 PURCHASE ESCONDIDO CA,80.44,Transportation
6/26/2025,CHEVRON 0388461 03/25 PURCHASE ESCONDIDO CA,9.13,Transportation
6/26/2025,7-ELEVEN 03/26 PURCHASE Escondido CA,4.89,Transportation
6/28/2025,KRISPY KREME #911 03/26 PURCHASE TEMECULA CA,17.34,Restaurants & Dining
6/28/2025,BLUE MUG COFFEE AND TEA 03/27 PURCHASE ESCONDIDO CA,11.04,Restaurants & Dining
6/28/2025,CSUSM 03/27 PURCHASE SAN MARCOS CA,4.18,Restaurants & Dining
6/28/2025,SQ *YNEZ RD 03/27 PURCHASE Temecula CA,17.94,Restaurants & Dining
7/3/2025,BLUE MUG COFFEE AND TEA 02/28 PURCHASE ESCONDIDO CA,3.5,Restaurants & Dining
7/3/2025,SQ *THE PRESS ESPRESSO 03/01 PURCHASE Murrieta CA,5.95,Restaurants & Dining
7/4/2025,SHELL OILXXXXX394024 03/02 PURCHASE TEMECULA CA,42.84,Transportation
7/4/2025,PANERA BREAD #601255 K 03/02 PURCHASE TEMECULA CA,25.42,Restaurants & Dining
7/4/2025,SQ *YNEZ RD 03/03 PURCHASE Temecula CA,11.69,Restaurants & Dining
7/5/2025,BLUE MUG COFFEE AND TEA 03/04 PURCHASE ESCONDIDO CA,11.04,Restaurants & Dining
7/5/2025,CSUSM 03/04 PURCHASE SAN MARCOS CA,2.09,Restaurants & Dining
7/5/2025,PANERA BREAD #601255 K 03/04 PURCHASE TEMECULA CA,19.49,Restaurants & Dining
7/6/2025,KP RX01575 03/05 PURCHASE TEMECULA CA,200.69,Health
7/6/2025,SQ *THE PRESS ESPRESSO 03/05 PURCHASE Temecula CA,16.54,Restaurants & Dining
7/7/2025,BLUE B23MUG COFFEE AND TEA 03/06 PURCHASE ESCONDIDO CA,11.04,Restaurants & Dining
7/7/2025,CSUSM 03/06 PURCHASE SAN MARCOS CA,9.33,Restaurants & Dining
7/7/2025,ROCKET 118 03/07 PURCHASE ESCONDIDO CA,80.98,Transportation
7/7/2025,FARMERS INS DES:EFT PYMT ID:gXXXXX8503 INDN:JOSEPH ZAMISKI CO ID:XXXXX51302 PPD,241,Insurance
7/10/2025,CSUSM 03/07 PURCHASE SAN MARCOS CA,6.99,Restaurants & Dining
7/10/2025,SQ *JAMES COFFEE CAFE A 03/07 PURCHASE Escondido CA,4,Shopping & Entertainment
7/10/2025,RAISING CANES 0366 03/07 PURCHASE TEMECULA CA,20.54,Restaurants & Dining
7/11/2025,SHELL OILXXXXX394024 03/09 PURCHASE TEMECULA CA,80.47,Transportation
7/11/2025,SQ *VIGILANTE COFFEE 03/10 PURCHASE Vista CA,10.66,Restaurants & Dining
7/12/2025,CSUSM UNIV. STORE #1259 03/10 PURCHASE SAN MARCOS CA,11.4,Shopping & Entertainment
7/12/2025,KRISPY KREME #911 03/10 PURCHASE TEMECULA CA,4.69,Restaurants & Dining
7/12/2025,BLUE MUG COFFEE AND TEA 03/11 PURCHASE ESCONDIDO CA,11.04,Restaurants & Dining
7/12/2025,PANERA BREAD #601255 K 03/11 PURCHASE TEMECULA CA,25.42,Restaurants & Dining
7/14/2025,BLUE MUG COFFEE AND TEA 03/13 PURCHASE ESCONDIDO CA,10.5,Restaurants & Dining
7/14/2025,CSUSM 03/13 PURCHASE SAN MARCOS CA,7.92,Restaurants & Dining
7/14/2025,SQ *CAMPUS COFFEE 03/13 PURCHASE San Marcos CA,4.5,Restaurants & Dining
7/17/2025,SHELL OILXXXXX394024 03/14 PURCHASE TEMECULA CA,42.05,Transportation
7/17/2025,DCH ROASTERS WILDOMAR 03/14 PURCHASE WILDOMAR CA,3.25,Restaurants & Dining
7/17/2025,ALBERTSONS #4706 03/15 PURCHASE TEMECULA CA,600.95,Groceries
7/17/2025,SQ *REVOLUTION ROASTERS 03/15 PURCHASE OCEANSIDE CA,3.5,Restaurants & Dining
7/17/2025,POPEYES #5454 03/15 PURCHASE OCEANSIDE CA,21.75,Restaurants & Dining
7/17/2025,RAISING CANES 0366 03/16 PURCHASE TEMECULA CA,21.41,Restaurants & Dining
7/19/2025,BLUE MUG COFFEE AND TEA 03/18 PURCHASE ESCONDIDO CA,11.04,Restaurants & Dining
7/19/2025,LA FITNESS 03/19 PURCHASE IRVINE CA,26.99,Health
7/20/2025,SQ *CAMPUS COFFEE 03/19 PURCHASE San Marcos CA,4.5,Restaurants & Dining
7/20/2025,PANERA BREAD #601255 K 03/19 PURCHASE TEMECULA CA,25.42,Restaurants & Dining
7/21/2025,SHELL OILXXXXX394024 03/19 PURCHASE TEMECULA CA,44.8,Transportation
7/21/2025,BLUE MUG COFFEE AND TEA 03/20 PURCHASE ESCONDIDO CA,15.79,Restaurants & Dining
7/21/2025,SQ *THE PRESS ESPRESSO 03/20 PURCHASE Temecula CA,19.94,Restaurants & Dining
7/21/2025,HONDA PMT DES:XXXXX51358 ID:2U5FEAUBZGOYSV0 INDN:JOSEPH D ZAMISKI CO ID:AXXXXX2715 PPD,221.53,Transportation
7/22/2025,ALBERTSONS,600.21,Groceries
7/24/2025,BLUE MUG COFFEE AND TEA 03/21 PURCHASE ESCONDIDO CA,3,Restaurants & Dining
7/24/2025,PANDA EXPRESS #834 03/21 PURCHASE TEMECULA CA,14.25,Restaurants & Dining
7/25/2025,CSUSM CRASH CAFE 03/24 PURCHASE SAN MARCOS CA,5.48,Restaurants & Dining
7/26/2025,CHEGG *ORDER 03/25 REFUND 855-868-1054 CA,76.11,Shopping & Entertainment
7/26/2025,BLUE MUG COFFEE AND TEA 03/25 PURCHASE ESCONDIDO CA,11.04,Restaurants & Dining
7/26/2025,CHEVRON 0388461 03/25 PURCHASE ESCONDIDO CA,80.44,Transportation
7/26/2025,CHEVRON 0388461 03/25 PURCHASE ESCONDIDO CA,9.13,Transportation
7/26/2025,7-ELEVEN 03/26 PURCHASE Escondido CA,4.89,Transportation
7/28/2025,KRISPY KREME #911 03/26 PURCHASE TEMECULA CA,17.34,Restaurants & Dining
7/28/2025,BLUE MUG COFFEE AND TEA 03/27 PURCHASE ESCONDIDO CA,11.04,Restaurants & Dining
7/28/2025,CSUSM 03/27 PURCHASE SAN MARCOS CA,4.18,Restaurants & Dining
7/28/2025,SQ *YNEZ RD 03/27 PURCHASE Temecula CA,17.94,Restaurants & Dining
8/3/2025,BLUE MUG COFFEE AND TEA 02/28 PURCHASE ESCONDIDO CA,3.5,Restaurants & Dining
8/3/2025,SQ *THE PRESS ESPRESSO 03/01 PURCHASE Murrieta CA,5.95,Restaurants & Dining
8/4/2025,SHELL OILXXXXX394024 03/02 PURCHASE TEMECULA CA,42.84,Transportation
8/4/2025,PANERA BREAD #601255 K 03/02 PURCHASE TEMECULA CA,25.42,Restaurants & Dining
8/4/2025,SQ *YNEZ RD 03/03 PURCHASE Temecula CA,11.69,Restaurants & Dining
8/5/2025,BLUE MUG COFFEE AND TEA 03/04 PURCHASE ESCONDIDO CA,11.04,Restaurants & Dining
8/5/2025,CSUSM 03/04 PURCHASE SAN MARCOS CA,2.09,Restaurants & Dining
8/5/2025,PANERA BREAD #601255 K 03/04 PURCHASE TEMECULA CA,19.49,Restaurants & Dining
8/6/2025,KP RX01575 03/05 PURCHASE TEMECULA CA,700.69,Health
8/6/2025,SQ *THE PRESS ESPRESSO 03/05 PURCHASE Temecula CA,16.54,Restaurants & Dining
8/7/2025,BLUE B23MUG COFFEE AND TEA 03/06 PURCHASE ESCONDIDO CA,11.04,Restaurants & Dining
8/7/2025,CSUSM 03/06 PURCHASE SAN MARCOS CA,9.33,Restaurants & Dining
8/7/2025,ROCKET 118 03/07 PURCHASE ESCONDIDO CA,80.98,Transportation
8/7/2025,FARMERS INS DES:EFT PYMT ID:gXXXXX8503 INDN:JOSEPH ZAMISKI CO ID:XXXXX51302 PPD,241,Insurance
8/10/2025,CSUSM 03/07 PURCHASE SAN MARCOS CA,6.99,Restaurants & Dining
8/10/2025,SQ *JAMES COFFEE CAFE A 03/07 PURCHASE Escondido CA,4,Shopping & Entertainment
8/10/2025,RAISING CANES 0366 03/07 PURCHASE TEMECULA CA,20.54,Restaurants & Dining
8/11/2025,SHELL OILXXXXX394024 03/09 PURCHASE TEMECULA CA,80.47,Transportation
8/11/2025,SQ *VIGILANTE COFFEE 03/10 PURCHASE Vista CA,10.66,Restaurants & Dining
8/12/2025,CSUSM UNIV. STORE #1259 03/10 PURCHASE SAN MARCOS CA,11.4,Shopping & Entertainment
8/12/2025,KRISPY KREME #911 03/10 PURCHASE TEMECULA CA,4.69,Restaurants & Dining
8/12/2025,BLUE MUG COFFEE AND TEA 03/11 PURCHASE ESCONDIDO CA,11.04,Restaurants & Dining
8/12/2025,PANERA BREAD #601255 K 03/11 PURCHASE TEMECULA CA,25.42,Restaurants & Dining
8/14/2025,BLUE MUG COFFEE AND TEA 03/13 PURCHASE ESCONDIDO CA,10.5,Restaurants & Dining
8/14/2025,CSUSM 03/13 PURCHASE SAN MARCOS CA,7.92,Restaurants & Dining
8/14/2025,SQ *CAMPUS COFFEE 03/13 PURCHASE San Marcos CA,4.5,Restaurants & Dining
8/17/2025,SHELL OILXXXXX394024 03/14 PURCHASE TEMECULA CA,42.05,Transportation
8/17/2025,DCH ROASTERS WILDOMAR 03/14 PURCHASE WILDOMAR CA,3.25,Restaurants & Dining
8/17/2025,ALBERTSONS #4706 03/15 PURCHASE TEMECULA CA,400.95,Groceries
8/17/2025,SQ *REVOLUTION ROASTERS 03/15 PURCHASE OCEANSIDE CA,3.5,Restaurants & Dining
8/17/2025,POPEYES #5454 03/15 PURCHASE OCEANSIDE CA,21.75,Restaurants & Dining
8/17/2025,RAISING CANES 0366 03/16 PURCHASE TEMECULA CA,21.41,Restaurants & Dining
8/19/2025,BLUE MUG COFFEE AND TEA 03/18 PURCHASE ESCONDIDO CA,11.04,Restaurants & Dining
8/19/2025,LA FITNESS 03/19 PURCHASE IRVINE CA,26.99,Health
8/20/2025,SQ *CAMPUS COFFEE 03/19 PURCHASE San Marcos CA,4.5,Restaurants & Dining
8/20/2025,PANERA BREAD #601255 K 03/19 PURCHASE TEMECULA CA,25.42,Restaurants & Dining
8/21/2025,SHELL OILXXXXX394024 03/19 PURCHASE TEMECULA CA,44.8,Transportation
8/21/2025,BLUE MUG COFFEE AND TEA 03/20 PURCHASE ESCONDIDO CA,15.79,Restaurants & Dining
8/21/2025,SQ *THE PRESS ESPRESSO 03/20 PURCHASE Temecula CA,19.94,Restaurants & Dining
8/21/2025,HONDA PMT DES:XXXXX51358 ID:2U5FEAUBZGOYSV0 INDN:JOSEPH D ZAMISKI CO ID:AXXXXX2715 PPD,221.53,Transportation
8/22/2025,ALBERTSONS,400.21,Groceries
8/24/2025,BLUE MUG COFFEE AND TEA 03/21 PURCHASE ESCONDIDO CA,3,Restaurants & Dining
8/24/2025,PANDA EXPRESS #834 03/21 PURCHASE TEMECULA CA,14.25,Restaurants & Dining
8/25/2025,CSUSM CRASH CAFE 03/24 PURCHASE SAN MARCOS CA,5.48,Restaurants & Dining
8/26/2025,CHEGG *ORDER 03/25 REFUND 855-868-1054 CA,76.11,Shopping & Entertainment
8/26/2025,BLUE MUG COFFEE AND TEA 03/25 PURCHASE ESCONDIDO CA,11.04,Restaurants & Dining
8/26/2025,CHEVRON 0388461 03/25 PURCHASE ESCONDIDO CA,80.44,Transportation
8/26/2025,CHEVRON 0388461 03/25 PURCHASE ESCONDIDO CA,9.13,Transportation
8/26/2025,7-ELEVEN 03/26 PURCHASE Escondido CA,4.89,Transportation
8/28/2025,KRISPY KREME #911 03/26 PURCHASE TEMECULA CA,17.34,Restaurants & Dining
8/28/2025,BLUE MUG COFFEE AND TEA 03/27 PURCHASE ESCONDIDO CA,11.04,Restaurants & Dining
8/28/2025,CSUSM 03/27 PURCHASE SAN MARCOS CA,4.18,Restaurants & Dining
8/28/2025,SQ *YNEZ RD 03/27 PURCHASE Temecula CA,17.94,Restaurants & Dining
9/3/2025,BLUE MUG COFFEE AND TEA 02/28 PURCHASE ESCONDIDO CA,3.5,Restaurants & Dining
9/3/2025,SQ *THE PRESS ESPRESSO 03/01 PURCHASE Murrieta CA,5.95,Restaurants & Dining
9/4/2025,SHELL OILXXXXX394024 03/02 PURCHASE TEMECULA CA,42.84,Transportation
9/4/2025,PANERA BREAD #601255 K 03/02 PURCHASE TEMECULA CA,25.42,Restaurants & Dining
9/4/2025,SQ *YNEZ RD 03/03 PURCHASE Temecula CA,11.69,Restaurants & Dining
9/5/2025,BLUE MUG COFFEE AND TEA 03/04 PURCHASE ESCONDIDO CA,11.04,Restaurants & Dining
9/5/2025,CSUSM 03/04 PURCHASE SAN MARCOS CA,2.09,Restaurants & Dining
9/5/2025,PANERA BREAD #601255 K 03/04 PURCHASE TEMECULA CA,19.49,Restaurants & Dining
9/6/2025,KP RX01575 03/05 PURCHASE TEMECULA CA,700.69,Health
9/6/2025,SQ *THE PRESS ESPRESSO 03/05 PURCHASE Temecula CA,16.54,Restaurants & Dining
9/7/2025,BLUE B23MUG COFFEE AND TEA 03/06 PURCHASE ESCONDIDO CA,11.04,Restaurants & Dining
9/7/2025,CSUSM 03/06 PURCHASE SAN MARCOS CA,9.33,Restaurants & Dining
9/7/2025,ROCKET 118 03/07 PURCHASE ESCONDIDO CA,80.98,Transportation
9/7/2025,FARMERS INS DES:EFT PYMT ID:gXXXXX8503 INDN:JOSEPH ZAMISKI CO ID:XXXXX51302 PPD,241,Insurance
9/10/2025,CSUSM 03/07 PURCHASE SAN MARCOS CA,6.99,Restaurants & Dining
9/10/2025,SQ *JAMES COFFEE CAFE A 03/07 PURCHASE Escondido CA,4,Shopping & Entertainment
9/10/2025,RAISING CANES 0366 03/07 PURCHASE TEMECULA CA,20.54,Restaurants & Dining
9/11/2025,SHELL OILXXXXX394024 03/09 PURCHASE TEMECULA CA,80.47,Transportation
9/11/2025,SQ *VIGILANTE COFFEE 03/10 PURCHASE Vista CA,10.66,Restaurants & Dining
9/12/2025,CSUSM UNIV. STORE #1259 03/10 PURCHASE SAN MARCOS CA,11.4,Shopping & Entertainment
9/12/2025,KRISPY KREME #911 03/10 PURCHASE TEMECULA CA,4.69,Restaurants & Dining
9/12/2025,BLUE MUG COFFEE AND TEA 03/11 PURCHASE ESCONDIDO CA,11.04,Restaurants & Dining
9/12/2025,PANERA BREAD #601255 K 03/11 PURCHASE TEMECULA CA,25.42,Restaurants & Dining
9/14/2025,BLUE MUG COFFEE AND TEA 03/13 PURCHASE ESCONDIDO CA,10.5,Restaurants & Dining
9/14/2025,CSUSM 03/13 PURCHASE SAN MARCOS CA,7.92,Restaurants & Dining
9/14/2025,SQ *CAMPUS COFFEE 03/13 PURCHASE San Marcos CA,4.5,Restaurants & Dining
9/17/2025,SHELL OILXXXXX394024 03/14 PURCHASE TEMECULA CA,42.05,Transportation
9/17/2025,DCH ROASTERS WILDOMAR 03/14 PURCHASE WILDOMAR CA,3.25,Restaurants & Dining
9/17/2025,ALBERTSONS #4706 03/15 PURCHASE TEMECULA CA,400.95,Groceries
9/17/2025,SQ *REVOLUTION ROASTERS 03/15 PURCHASE OCEANSIDE CA,3.5,Restaurants & Dining
9/17/2025,POPEYES #5454 03/15 PURCHASE OCEANSIDE CA,21.75,Restaurants & Dining
9/17/2025,RAISING CANES 0366 03/16 PURCHASE TEMECULA CA,21.41,Restaurants & Dining
9/19/2025,BLUE MUG COFFEE AND TEA 03/18 PURCHASE ESCONDIDO CA,11.04,Restaurants & Dining
9/19/2025,LA FITNESS 03/19 PURCHASE IRVINE CA,26.99,Health
9/20/2025,SQ *CAMPUS COFFEE 03/19 PURCHASE San Marcos CA,4.5,Restaurants & Dining
9/20/2025,PANERA BREAD #601255 K 03/19 PURCHASE TEMECULA CA,25.42,Restaurants & Dining
9/21/2025,SHELL OILXXXXX394024 03/19 PURCHASE TEMECULA CA,44.8,Transportation
9/21/2025,BLUE MUG COFFEE AND TEA 03/20 PURCHASE ESCONDIDO CA,15.79,Restaurants & Dining
9/21/2025,SQ *THE PRESS ESPRESSO 03/20 PURCHASE Temecula CA,19.94,Restaurants & Dining
9/21/2025,HONDA PMT DES:XXXXX51358 ID:2U5FEAUBZGOYSV0 INDN:JOSEPH D ZAMISKI CO ID:AXXXXX2715 PPD,221.53,Transportation
9/22/2025,ALBERTSONS,1000.21,Groceries
9/24/2025,BLUE MUG COFFEE AND TEA 03/21 PURCHASE ESCONDIDO CA,3,Restaurants & Dining
9/24/2025,PANDA EXPRESS #834 03/21 PURCHASE TEMECULA CA,14.25,Restaurants & Dining
9/25/2025,CSUSM CRASH CAFE 03/24 PURCHASE SAN MARCOS CA,5.48,Restaurants & Dining
9/26/2025,CHEGG *ORDER 03/25 REFUND 855-868-1054 CA,76.11,Shopping & Entertainment
9/26/2025,BLUE MUG COFFEE AND TEA 03/25 PURCHASE ESCONDIDO CA,11.04,Restaurants & Dining
9/26/2025,CHEVRON 0388461 03/25 PURCHASE ESCONDIDO CA,80.44,Transportation
9/26/2025,CHEVRON 0388461 03/25 PURCHASE ESCONDIDO CA,9.13,Transportation
9/26/2025,7-ELEVEN 03/26 PURCHASE Escondido CA,4.89,Transportation
9/28/2025,KRISPY KREME #911 03/26 PURCHASE TEMECULA CA,17.34,Restaurants & Dining
9/28/2025,BLUE MUG COFFEE AND TEA 03/27 PURCHASE ESCONDIDO CA,11.04,Restaurants & Dining
9/28/2025,CSUSM 03/27 PURCHASE SAN MARCOS CA,4.18,Restaurants & Dining
9/28/2025,SQ *YNEZ RD 03/27 PURCHASE Temecula CA,17.94,Restaurants & Dining
10/3/2025,BLUE MUG COFFEE AND TEA 02/28 PURCHASE ESCONDIDO CA,3.5,Restaurants & Dining
10/3/2025,SQ *THE PRESS ESPRESSO 03/01 PURCHASE Murrieta CA,5.95,Restaurants & Dining
10/4/2025,SHELL OILXXXXX394024 03/02 PURCHASE TEMECULA CA,42.84,Transportation
10/4/2025,PANERA BREAD #601255 K 03/02 PURCHASE TEMECULA CA,25.42,Restaurants & Dining
10/4/2025,SQ *YNEZ RD 03/03 PURCHASE Temecula CA,11.69,Restaurants & Dining
10/5/2025,BLUE MUG COFFEE AND TEA 03/04 PURCHASE ESCONDIDO CA,11.04,Restaurants & Dining
10/5/2025,CSUSM 03/04 PURCHASE SAN MARCOS CA,2.09,Restaurants & Dining
10/5/2025,PANERA BREAD #601255 K 03/04 PURCHASE TEMECULA CA,19.49,Restaurants & Dining
10/6/2025,KP RX01575 03/05 PURCHASE TEMECULA CA,300.69,Health
10/6/2025,SQ *THE PRESS ESPRESSO 03/05 PURCHASE Temecula CA,16.54,Restaurants & Dining
10/7/2025,BLUE B23MUG COFFEE AND TEA 03/06 PURCHASE ESCONDIDO CA,11.04,Restaurants & Dining
10/7/2025,CSUSM 03/06 PURCHASE SAN MARCOS CA,9.33,Restaurants & Dining
10/7/2025,ROCKET 118 03/07 PURCHASE ESCONDIDO CA,80.98,Transportation
10/7/2025,FARMERS INS DES:EFT PYMT ID:gXXXXX8503 INDN:JOSEPH ZAMISKI CO ID:XXXXX51302 PPD,241,Insurance
10/10/2025,CSUSM 03/07 PURCHASE SAN MARCOS CA,6.99,Restaurants & Dining
10/10/2025,SQ *JAMES COFFEE CAFE A 03/07 PURCHASE Escondido CA,4,Shopping & Entertainment
10/10/2025,RAISING CANES 0366 03/07 PURCHASE TEMECULA CA,20.54,Restaurants & Dining
10/11/2025,SHELL OILXXXXX394024 03/09 PURCHASE TEMECULA CA,80.47,Transportation
10/11/2025,SQ *VIGILANTE COFFEE 03/10 PURCHASE Vista CA,10.66,Restaurants & Dining
10/12/2025,CSUSM UNIV. STORE #1259 03/10 PURCHASE SAN MARCOS CA,11.4,Shopping & Entertainment
10/12/2025,KRISPY KREME #911 03/10 PURCHASE TEMECULA CA,4.69,Restaurants & Dining
10/12/2025,BLUE MUG COFFEE AND TEA 03/11 PURCHASE ESCONDIDO CA,11.04,Restaurants & Dining
10/12/2025,PANERA BREAD #601255 K 03/11 PURCHASE TEMECULA CA,25.42,Restaurants & Dining
10/14/2025,BLUE MUG COFFEE AND TEA 03/13 PURCHASE ESCONDIDO CA,10.5,Restaurants & Dining
10/14/2025,CSUSM 03/13 PURCHASE SAN MARCOS CA,7.92,Restaurants & Dining
10/14/2025,SQ *CAMPUS COFFEE 03/13 PURCHASE San Marcos CA,4.5,Restaurants & Dining
10/17/2025,SHELL OILXXXXX394024 03/14 PURCHASE TEMECULA CA,42.05,Transportation
10/17/2025,DCH ROASTERS WILDOMAR 03/14 PURCHASE WILDOMAR CA,3.25,Restaurants & Dining
10/17/2025,ALBERTSONS #4706 03/15 PURCHASE TEMECULA CA,200.95,Groceries
10/17/2025,SQ *REVOLUTION ROASTERS 03/15 PURCHASE OCEANSIDE CA,3.5,Restaurants & Dining
10/17/2025,POPEYES #5454 03/15 PURCHASE OCEANSIDE CA,21.75,Restaurants & Dining
10/17/2025,RAISING CANES 0366 03/16 PURCHASE TEMECULA CA,21.41,Restaurants & Dining
10/19/2025,BLUE MUG COFFEE AND TEA 03/18 PURCHASE ESCONDIDO CA,11.04,Restaurants & Dining
10/19/2025,LA FITNESS 03/19 PURCHASE IRVINE CA,26.99,Health
10/20/2025,SQ *CAMPUS COFFEE 03/19 PURCHASE San Marcos CA,4.5,Restaurants & Dining
10/20/2025,PANERA BREAD #601255 K 03/19 PURCHASE TEMECULA CA,25.42,Restaurants & Dining
10/21/2025,SHELL OILXXXXX394024 03/19 PURCHASE TEMECULA CA,44.8,Transportation
10/21/2025,BLUE MUG COFFEE AND TEA 03/20 PURCHASE ESCONDIDO CA,15.79,Restaurants & Dining
10/21/2025,SQ *THE PRESS ESPRESSO 03/20 PURCHASE Temecula CA,19.94,Restaurants & Dining
10/21/2025,HONDA PMT DES:XXXXX51358 ID:2U5FEAUBZGOYSV0 INDN:JOSEPH D ZAMISKI CO ID:AXXXXX2715 PPD,221.53,Transportation
10/22/2025,ALBERTSONS,400.21,Groceries
10/24/2025,BLUE MUG COFFEE AND TEA 03/21 PURCHASE ESCONDIDO CA,3,Restaurants & Dining
10/24/2025,PANDA EXPRESS #834 03/21 PURCHASE TEMECULA CA,14.25,Restaurants & Dining
10/25/2025,CSUSM CRASH CAFE 03/24 PURCHASE SAN MARCOS CA,5.48,Restaurants & Dining
10/26/2025,CHEGG *ORDER 03/25 REFUND 855-868-1054 CA,76.11,Shopping & Entertainment
10/26/2025,BLUE MUG COFFEE AND TEA 03/25 PURCHASE ESCONDIDO CA,11.04,Restaurants & Dining
10/26/2025,CHEVRON 0388461 03/25 PURCHASE ESCONDIDO CA,80.44,Transportation
10/26/2025,CHEVRON 0388461 03/25 PURCHASE ESCONDIDO CA,9.13,Transportation
10/26/2025,7-ELEVEN 03/26 PURCHASE Escondido CA,4.89,Transportation
10/28/2025,KRISPY KREME #911 03/26 PURCHASE TEMECULA CA,17.34,Restaurants & Dining
10/28/2025,BLUE MUG COFFEE AND TEA 03/27 PURCHASE ESCONDIDO CA,11.04,Restaurants & Dining
10/28/2025,CSUSM 03/27 PURCHASE SAN MARCOS CA,4.18,Restaurants & Dining
10/28/2025,SQ *YNEZ RD 03/27 PURCHASE Temecula CA,17.94,Restaurants & Dining
11/3/2025,BLUE MUG COFFEE AND TEA 02/28 PURCHASE ESCONDIDO CA,3.5,Restaurants & Dining
11/3/2025,SQ *THE PRESS ESPRESSO 03/01 PURCHASE Murrieta CA,5.95,Restaurants & Dining
11/4/2025,SHELL OILXXXXX394024 03/02 PURCHASE TEMECULA CA,42.84,Transportation
11/4/2025,PANERA BREAD #601255 K 03/02 PURCHASE TEMECULA CA,25.42,Restaurants & Dining
11/4/2025,SQ *YNEZ RD 03/03 PURCHASE Temecula CA,11.69,Restaurants & Dining
11/5/2025,BLUE MUG COFFEE AND TEA 03/04 PURCHASE ESCONDIDO CA,11.04,Restaurants & Dining
11/5/2025,CSUSM 03/04 PURCHASE SAN MARCOS CA,2.09,Restaurants & Dining
11/5/2025,PANERA BREAD #601255 K 03/04 PURCHASE TEMECULA CA,19.49,Restaurants & Dining
11/6/2025,KP RX01575 03/05 PURCHASE TEMECULA CA,700.69,Health
11/6/2025,SQ *THE PRESS ESPRESSO 03/05 PURCHASE Temecula CA,16.54,Restaurants & Dining
11/7/2025,BLUE B23MUG COFFEE AND TEA 03/06 PURCHASE ESCONDIDO CA,11.04,Restaurants & Dining
11/7/2025,CSUSM 03/06 PURCHASE SAN MARCOS CA,9.33,Restaurants & Dining
11/7/2025,ROCKET 118 03/07 PURCHASE ESCONDIDO CA,80.98,Transportation
11/7/2025,FARMERS INS DES:EFT PYMT ID:gXXXXX8503 INDN:JOSEPH ZAMISKI CO ID:XXXXX51302 PPD,241,Insurance
11/10/2025,CSUSM 03/07 PURCHASE SAN MARCOS CA,6.99,Restaurants & Dining
11/10/2025,SQ *JAMES COFFEE CAFE A 03/07 PURCHASE Escondido CA,4,Shopping & Entertainment
11/10/2025,RAISING CANES 0366 03/07 PURCHASE TEMECULA CA,20.54,Restaurants & Dining
11/11/2025,SHELL OILXXXXX394024 03/09 PURCHASE TEMECULA CA,80.47,Transportation
11/11/2025,SQ *VIGILANTE COFFEE 03/10 PURCHASE Vista CA,10.66,Restaurants & Dining
11/12/2025,CSUSM UNIV. STORE #1259 03/10 PURCHASE SAN MARCOS CA,11.4,Shopping & Entertainment
11/12/2025,KRISPY KREME #911 03/10 PURCHASE TEMECULA CA,4.69,Restaurants & Dining
11/12/2025,BLUE MUG COFFEE AND TEA 03/11 PURCHASE ESCONDIDO CA,11.04,Restaurants & Dining
11/12/2025,PANERA BREAD #601255 K 03/11 PURCHASE TEMECULA CA,25.42,Restaurants & Dining
11/14/2025,BLUE MUG COFFEE AND TEA 03/13 PURCHASE ESCONDIDO CA,10.5,Restaurants & Dining
11/14/2025,CSUSM 03/13 PURCHASE SAN MARCOS CA,7.92,Restaurants & Dining
11/14/2025,SQ *CAMPUS COFFEE 03/13 PURCHASE San Marcos CA,4.5,Restaurants & Dining
11/17/2025,SHELL OILXXXXX394024 03/14 PURCHASE TEMECULA CA,42.05,Transportation
11/17/2025,DCH ROASTERS WILDOMAR 03/14 PURCHASE WILDOMAR CA,3.25,Restaurants & Dining
11/17/2025,ALBERTSONS #4706 03/15 PURCHASE TEMECULA CA,400.95,Groceries
11/17/2025,SQ *REVOLUTION ROASTERS 03/15 PURCHASE OCEANSIDE CA,3.5,Restaurants & Dining
11/17/2025,POPEYES #5454 03/15 PURCHASE OCEANSIDE CA,21.75,Restaurants & Dining
11/17/2025,RAISING CANES 0366 03/16 PURCHASE TEMECULA CA,21.41,Restaurants & Dining
11/19/2025,BLUE MUG COFFEE AND TEA 03/18 PURCHASE ESCONDIDO CA,11.04,Restaurants & Dining
11/19/2025,LA FITNESS 03/19 PURCHASE IRVINE CA,26.99,Health
11/20/2025,SQ *CAMPUS COFFEE 03/19 PURCHASE San Marcos CA,4.5,Restaurants & Dining
11/20/2025,PANERA BREAD #601255 K 03/19 PURCHASE TEMECULA CA,25.42,Restaurants & Dining
11/21/2025,SHELL OILXXXXX394024 03/19 PURCHASE TEMECULA CA,44.8,Transportation
11/21/2025,BLUE MUG COFFEE AND TEA 03/20 PURCHASE ESCONDIDO CA,15.79,Restaurants & Dining
11/21/2025,SQ *THE PRESS ESPRESSO 03/20 PURCHASE Temecula CA,19.94,Restaurants & Dining
11/21/2025,HONDA PMT DES:XXXXX51358 ID:2U5FEAUBZGOYSV0 INDN:JOSEPH D ZAMISKI CO ID:AXXXXX2715 PPD,221.53,Transportation
11/22/2025,ALBERTSONS,600.21,Groceries
11/24/2025,BLUE MUG COFFEE AND TEA 03/21 PURCHASE ESCONDIDO CA,3,Restaurants & Dining
11/24/2025,PANDA EXPRESS #834 03/21 PURCHASE TEMECULA CA,14.25,Restaurants & Dining
11/25/2025,CSUSM CRASH CAFE 03/24 PURCHASE SAN MARCOS CA,5.48,Restaurants & Dining
11/26/2025,CHEGG *ORDER 03/25 REFUND 855-868-1054 CA,76.11,Shopping & Entertainment
11/26/2025,BLUE MUG COFFEE AND TEA 03/25 PURCHASE ESCONDIDO CA,11.04,Restaurants & Dining
11/26/2025,CHEVRON 0388461 03/25 PURCHASE ESCONDIDO CA,80.44,Transportation
11/26/2025,CHEVRON 0388461 03/25 PURCHASE ESCONDIDO CA,9.13,Transportation
11/26/2025,7-ELEVEN 03/26 PURCHASE Escondido CA,4.89,Transportation
11/28/2025,KRISPY KREME #911 03/26 PURCHASE TEMECULA CA,17.34,Restaurants & Dining
11/28/2025,BLUE MUG COFFEE AND TEA 03/27 PURCHASE ESCONDIDO CA,11.04,Restaurants & Dining
11/28/2025,CSUSM 03/27 PURCHASE SAN MARCOS CA,4.18,Restaurants & Dining
11/28/2025,SQ *YNEZ RD 03/27 PURCHASE Temecula CA,17.94,Restaurants & Dining
12/3/2025,BLUE MUG COFFEE AND TEA 02/28 PURCHASE ESCONDIDO CA,3.5,Restaurants & Dining
12/3/2025,SQ *THE PRESS ESPRESSO 03/01 PURCHASE Murrieta CA,5.95,Restaurants & Dining
12/4/2025,SHELL OILXXXXX394024 03/02 PURCHASE TEMECULA CA,42.84,Transportation
12/4/2025,PANERA BREAD #601255 K 03/02 PURCHASE TEMECULA CA,25.42,Restaurants & Dining
12/4/2025,SQ *YNEZ RD 03/03 PURCHASE Temecula CA,11.69,Restaurants & Dining
12/5/2025,BLUE MUG COFFEE AND TEA 03/04 PURCHASE ESCONDIDO CA,11.04,Restaurants & Dining
12/5/2025,CSUSM 03/04 PURCHASE SAN MARCOS CA,2.09,Restaurants & Dining
12/5/2025,PANERA BREAD #601255 K 03/04 PURCHASE TEMECULA CA,19.49,Restaurants & Dining
12/6/2025,KP RX01575 03/05 PURCHASE TEMECULA CA,300.69,Health
12/6/2025,SQ *THE PRESS ESPRESSO 03/05 PURCHASE Temecula CA,16.54,Restaurants & Dining
12/7/2025,BLUE B23MUG COFFEE AND TEA 03/06 PURCHASE ESCONDIDO CA,11.04,Restaurants & Dining
12/7/2025,CSUSM 03/06 PURCHASE SAN MARCOS CA,9.33,Restaurants & Dining
12/7/2025,ROCKET 118 03/07 PURCHASE ESCONDIDO CA,80.98,Transportation
12/7/2025,FARMERS INS DES:EFT PYMT ID:gXXXXX8503 INDN:JOSEPH ZAMISKI CO ID:XXXXX51302 PPD,241,Insurance
12/10/2025,CSUSM 03/07 PURCHASE SAN MARCOS CA,6.99,Restaurants & Dining
12/10/2025,SQ *JAMES COFFEE CAFE A 03/07 PURCHASE Escondido CA,4,Shopping & Entertainment
12/10/2025,RAISING CANES 0366 03/07 PURCHASE TEMECULA CA,20.54,Restaurants & Dining
12/11/2025,SHELL OILXXXXX394024 03/09 PURCHASE TEMECULA CA,80.47,Transportation
12/11/2025,SQ *VIGILANTE COFFEE 03/10 PURCHASE Vista CA,10.66,Restaurants & Dining
12/12/2025,CSUSM UNIV. STORE #1259 03/10 PURCHASE SAN MARCOS CA,11.4,Shopping & Entertainment
12/12/2025,KRISPY KREME #911 03/10 PURCHASE TEMECULA CA,4.69,Restaurants & Dining
12/12/2025,BLUE MUG COFFEE AND TEA 03/11 PURCHASE ESCONDIDO CA,11.04,Restaurants & Dining
12/12/2025,PANERA BREAD #601255 K 03/11 PURCHASE TEMECULA CA,25.42,Restaurants & Dining
12/14/2025,BLUE MUG COFFEE AND TEA 03/13 PURCHASE ESCONDIDO CA,10.5,Restaurants & Dining
12/14/2025,CSUSM 03/13 PURCHASE SAN MARCOS CA,7.92,Restaurants & Dining
12/14/2025,SQ *CAMPUS COFFEE 03/13 PURCHASE San Marcos CA,4.5,Restaurants & Dining
12/17/2025,SHELL OILXXXXX394024 03/14 PURCHASE TEMECULA CA,42.05,Transportation
12/17/2025,DCH ROASTERS WILDOMAR 03/14 PURCHASE WILDOMAR CA,3.25,Restaurants & Dining
12/17/2025,ALBERTSONS #4706 03/15 PURCHASE TEMECULA CA,200.95,Groceries
12/17/2025,SQ *REVOLUTION ROASTERS 03/15 PURCHASE OCEANSIDE CA,3.5,Restaurants & Dining
12/17/2025,POPEYES #5454 03/15 PURCHASE OCEANSIDE CA,21.75,Restaurants & Dining
12/17/2025,RAISING CANES 0366 03/16 PURCHASE TEMECULA CA,21.41,Restaurants & Dining
12/19/2025,BLUE MUG COFFEE AND TEA 03/18 PURCHASE ESCONDIDO CA,11.04,Restaurants & Dining
12/19/2025,LA FITNESS 03/19 PURCHASE IRVINE CA,26.99,Health
12/20/2025,SQ *CAMPUS COFFEE 03/19 PURCHASE San Marcos CA,4.5,Restaurants & Dining
12/20/2025,PANERA BREAD #601255 K 03/19 PURCHASE TEMECULA CA,25.42,Restaurants & Dining
12/21/2025,SHELL OILXXXXX394024 03/19 PURCHASE TEMECULA CA,44.8,Transportation
12/21/2025,BLUE MUG COFFEE AND TEA 03/20 PURCHASE ESCONDIDO CA,15.79,Restaurants & Dining
12/21/2025,SQ *THE PRESS ESPRESSO 03/20 PURCHASE Temecula CA,19.94,Restaurants & Dining
12/21/2025,HONDA PMT DES:XXXXX51358 ID:2U5FEAUBZGOYSV0 INDN:JOSEPH D ZAMISKI CO ID:AXXXXX2715 PPD,221.53,Transportation
12/22/2025,ALBERTSONS,200.21,Groceries
12/24/2025,BLUE MUG COFFEE AND TEA 03/21 PURCHASE ESCONDIDO CA,3,Restaurants & Dining
12/24/2025,PANDA EXPRESS #834 03/21 PURCHASE TEMECULA CA,14.25,Restaurants & Dining
12/25/2025,CSUSM CRASH CAFE 03/24 PURCHASE SAN MARCOS CA,5.48,Restaurants & Dining
12/26/2025,CHEGG *ORDER 03/25 REFUND 855-868-1054 CA,76.11,Shopping & Entertainment
12/26/2025,BLUE MUG COFFEE AND TEA 03/25 PURCHASE ESCONDIDO CA,11.04,Restaurants & Dining
12/26/2025,CHEVRON 0388461 03/25 PURCHASE ESCONDIDO CA,80.44,Transportation
12/26/2025,CHEVRON 0388461 03/25 PURCHASE ESCONDIDO CA,9.13,Transportation
12/26/2025,7-ELEVEN 03/26 PURCHASE Escondido CA,4.89,Transportation
12/28/2025,KRISPY KREME #911 03/26 PURCHASE TEMECULA CA,17.34,Restaurants & Dining
12/28/2025,BLUE MUG COFFEE AND TEA 03/27 PURCHASE ESCONDIDO CA,11.04,Restaurants & Dining
12/28/2025,CSUSM 03/27 PURCHASE SAN MARCOS CA,4.18,Restaurants & Dining
12/28/2025,SQ *YNEZ RD 03/27 PURCHASE Temecula CA,17.94,Restaurants & Dining
